{"errors":[],"warnings":[],"namedChunkGroups":{"app":{"chunks":[1,6],"assets":["webpack-runtime-297f0fb9589aa30af8b0.js","webpack-runtime-297f0fb9589aa30af8b0.js.map","app-a5a004a821f69bd47733.js","app-a5a004a821f69bd47733.js.map"],"children":{},"childAssets":{}},"component---src-pages-404-js":{"chunks":[0,5],"assets":["0.638318909ea8df7bc3da.css","0-452d76c449825831db34.js","0.638318909ea8df7bc3da.css.map","0-452d76c449825831db34.js.map","component---src-pages-404-js.929d9a25310657335e7c.css","component---src-pages-404-js-2655216c7bf6a12e0416.js","component---src-pages-404-js.929d9a25310657335e7c.css.map","component---src-pages-404-js-2655216c7bf6a12e0416.js.map"],"children":{},"childAssets":{}},"component---src-pages-index-js":{"chunks":[0,2,4],"assets":["0.638318909ea8df7bc3da.css","0-452d76c449825831db34.js","0.638318909ea8df7bc3da.css.map","0-452d76c449825831db34.js.map","2-ea22a4cf8d0bb7f59384.js","2-ea22a4cf8d0bb7f59384.js.map","component---src-pages-index-js.929d9a25310657335e7c.css","component---src-pages-index-js-bbe6b12e58d7cf9399a2.js","component---src-pages-index-js.929d9a25310657335e7c.css.map","component---src-pages-index-js-bbe6b12e58d7cf9399a2.js.map"],"children":{},"childAssets":{}}},"assetsByChunkName":{"app":["webpack-runtime-297f0fb9589aa30af8b0.js","app-a5a004a821f69bd47733.js"],"component---src-pages-404-js":["0.638318909ea8df7bc3da.css","0-452d76c449825831db34.js","component---src-pages-404-js.929d9a25310657335e7c.css","component---src-pages-404-js-2655216c7bf6a12e0416.js"],"component---src-pages-index-js":["0.638318909ea8df7bc3da.css","0-452d76c449825831db34.js","2-ea22a4cf8d0bb7f59384.js","component---src-pages-index-js.929d9a25310657335e7c.css","component---src-pages-index-js-bbe6b12e58d7cf9399a2.js"]}}